Category,Tournament,Pos,Team,Player,Matches,Inns,Overs,Balls,Wkts,Avg,Runs,4-Fers,5-Fers,RunsScored,SR,4s,6s,Rating,CareerBestRating
TournamentBatting,Syed Mushtaq Ali Trophy Elite 2025,,,,Ishan Kishan,10,10,,,517,57.44,,51,33,,,,,
TournamentBatting,Syed Mushtaq Ali Trophy Elite 2025,,,,Ankit Kumar,11,11,,,448,44.8,,49,22,,,,,
TournamentBatting,Syed Mushtaq Ali Trophy Elite 2025,,,,Kumar Kushagra,10,10,,,422,60.29,,34,22,,,,,
TournamentBatting,Syed Mushtaq Ali Trophy Elite 2025,,,,Yashvardhan Dalal,11,10,,,398,49.75,,32,19,,,,,
TournamentBatting,Syed Mushtaq Ali Trophy Elite 2025,,,,Ajinkya Rahane,10,9,,,391,55.86,,37,16,,,,,
TournamentBatting,Syed Mushtaq Ali Trophy Elite 2025,,,,Virat Singh,11,11,,,382,42.44,,30,22,,,,,
TournamentBatting,Syed Mushtaq Ali Trophy Elite 2025,,,,Salil Arora,8,8,,,358,71.6,,23,28,,,,,
TournamentBatting,Syed Mushtaq Ali Trophy Elite 2025,,,,Kunal Chandela,7,7,,,350,50,,36,14,,,,,
TournamentBatting,Syed Mushtaq Ali Trophy Elite 2025,,,,Anmolpreet Singh,10,10,,,349,34.9,,30,21,,,,,
TournamentBatting,Syed Mushtaq Ali Trophy Elite 2025,,,,Harpreet Singh Bhatia,10,10,,,334,41.75,,39,6,,,,,
TournamentBatting,Syed Mushtaq Ali Trophy Elite 2025,,,,Sarfaraz Khan,7,7,,,329,65.8,,37,19,,,,,
TournamentBatting,Syed Mushtaq Ali Trophy Elite 2025,,,,Ayush Mhatre,6,6,,,325,108.33,,20,25,,,,,
TournamentBatting,Syed Mushtaq Ali Trophy Elite 2025,,,,Tanmay Agarwal,10,10,,,320,35.56,,35,16,,,,,
TournamentBatting,Syed Mushtaq Ali Trophy Elite 2025,,,,Smaran Ravichandran,7,7,,,319,63.8,,19,18,,,,,
TournamentBatting,Syed Mushtaq Ali Trophy Elite 2025,,,,Devdutt Padikkal,6,6,,,309,61.8,,36,12,,,,,
TournamentBatting,Indian Premier League 2025,,,,Sai Sudharsan,15,15,,,759,54.21,,88,21,,,,,
TournamentBatting,Indian Premier League 2025,,,,Suryakumar Yadav,16,16,,,717,65.18,,69,38,,,,,
TournamentBatting,Indian Premier League 2025,,,,Virat Kohli,15,15,,,657,54.75,,66,19,,,,,
TournamentBatting,Indian Premier League 2025,,,,Shubman Gill,15,15,,,650,50,,62,24,,,,,
TournamentBatting,Indian Premier League 2025,,,,Mitchell Marsh,13,13,,,627,48.23,,56,37,,,,,
TournamentBatting,Indian Premier League 2025,,,,Shreyas Iyer,17,17,,,604,50.33,,43,39,,,,,
TournamentBatting,Indian Premier League 2025,,,,Yashasvi Jaiswal,14,14,,,559,43,,60,28,,,,,
TournamentBatting,Indian Premier League 2025,,,,Prabhsimran Singh,17,17,,,549,32.29,,56,30,,,,,
TournamentBatting,Indian Premier League 2025,,,,KL Rahul,13,13,,,539,53.9,,52,21,,,,,
TournamentBatting,Indian Premier League 2025,,,,Jos Buttler,14,13,,,538,59.78,,52,24,,,,,
TournamentBatting,Indian Premier League 2025,,,,Nicholas Pooran,14,14,,,524,43.67,,45,40,,,,,
TournamentBatting,Indian Premier League 2025,,,,Heinrich Klaasen,14,13,,,487,44.27,,42,25,,,,,
TournamentBatting,Indian Premier League 2025,,,,Priyansh Arya,17,17,,,475,27.94,,55,25,,,,,
TournamentBatting,Indian Premier League 2025,,,,Aiden Markram,13,13,,,445,34.23,,38,22,,,,,
TournamentBatting,Indian Premier League 2025,,,,Abhishek Sharma,14,13,,,439,33.77,,46,28,,,,,
TournamentBatting,Big Bash League 2025-26,,,,Sam Harper,6,5,,,251,83.67,,25,10,,,,,
TournamentBatting,Big Bash League 2025-26,,,,Matt Renshaw,7,7,,,245,35,,18,14,,,,,
TournamentBatting,Big Bash League 2025-26,,,,David Warner,6,6,,,241,60.25,,19,13,,,,,
TournamentBatting,Big Bash League 2025-26,,,,Nikhil Chaudhary,7,7,,,240,40,,18,13,,,,,
TournamentBatting,Big Bash League 2025-26,,,,Aaron Hardie,7,7,,,220,36.67,,20,9,,,,,
TournamentBatting,Big Bash League 2025-26,,,,Matthew Gilkes,7,7,,,208,29.71,,18,10,,,,,
TournamentBatting,Big Bash League 2025-26,,,,Josh Philippe,6,6,,,196,32.67,,20,6,,,,,
TournamentBatting,Big Bash League 2025-26,,,,Ben McDermott,7,7,,,193,32.17,,12,10,,,,,
TournamentBatting,Big Bash League 2025-26,,,,Mitchell Marsh,7,7,,,191,27.29,,18,10,,,,,
TournamentBatting,Big Bash League 2025-26,,,,Josh Brown,6,6,,,190,31.67,,19,13,,,,,
TournamentBatting,Big Bash League 2025-26,,,,Matthew Short,6,6,,,188,31.33,,16,4,,,,,
TournamentBatting,Big Bash League 2025-26,,,,Tim Seifert,6,6,,,187,31.17,,9,9,,,,,
TournamentBatting,Big Bash League 2025-26,,,,Max Bryant,7,7,,,182,36.4,,12,10,,,,,
TournamentBatting,Big Bash League 2025-26,,,,Cooper Connolly,7,7,,,177,25.29,,12,12,,,,,
ICC_Batting,,,,Abhishek Sharma,,,,,,,,,,908,931 v Sri Lanka at Dubai 2025,,,,
ICC_Batting,,,,Phil Salt,,,,,,,,,,849,881 v West Indies at Barbados 2024,,,,
ICC_Batting,,,,Tilak Varma,,,,,,,,,,805,845 v England at Chennai 2025,,,,
ICC_Batting,,,,Pathum Nissanka,,,,,,,,,,779,794 v Zimbabwe at Rawalpindi 2025,,,,
ICC_Batting,,,,Jos Buttler,,,,,,,,,,770,794 v South Africa at Old Trafford 2025,,,,
TournamentBowling,Syed Mushtaq Ali Trophy Elite 2025,,,,Sushant Mishra,11,,42.2,254,22,17.18,378,0,0,,,,,
TournamentBowling,Syed Mushtaq Ali Trophy Elite 2025,,,,Ashok Sharma,10,,37.1,223,22,15.64,344,2,0,,,,,
TournamentBowling,Syed Mushtaq Ali Trophy Elite 2025,,,,Anshul Kamboj,11,,43.1,259,21,17.67,371,1,0,,,,,
TournamentBowling,Syed Mushtaq Ali Trophy Elite 2025,,,,Yash Thakur,7,,26.1,157,18,9.89,178,1,1,,,,,
TournamentBowling,Syed Mushtaq Ali Trophy Elite 2025,,,,Anukul Roy,11,,37.2,224,18,15.39,277,0,0,,,,,
TournamentBowling,Syed Mushtaq Ali Trophy Elite 2025,,,,Shivam Shukla,10,,34.1,205,17,14.59,248,1,0,,,,,
TournamentBowling,Syed Mushtaq Ali Trophy Elite 2025,,,,Chama V Milind,9,,34.4,208,17,15.29,260,0,0,,,,,
TournamentBowling,Syed Mushtaq Ali Trophy Elite 2025,,,,Tanay Thyagarajan,10,,40,240,16,18,288,0,0,,,,,
TournamentBowling,Syed Mushtaq Ali Trophy Elite 2025,,,,Satyanarayana Raju,10,,36,216,16,18.81,301,1,0,,,,,
TournamentBowling,Syed Mushtaq Ali Trophy Elite 2025,,,,Tripuresh Singh,7,,37,222,16,19.38,310,0,0,,,,,
TournamentBowling,Syed Mushtaq Ali Trophy Elite 2025,,,,Mohammed Shami,7,,26.5,161,16,14.94,239,2,0,,,,,
TournamentBowling,Syed Mushtaq Ali Trophy Elite 2025,,,,KM Asif,6,,20.3,123,15,9.2,138,0,1,,,,,
TournamentBowling,Syed Mushtaq Ali Trophy Elite 2025,,,,Mukhtar Hussain,7,,27,162,15,12.53,188,1,1,,,,,
TournamentBowling,Syed Mushtaq Ali Trophy Elite 2025,,,,Auqib Nabi Dar,7,,25.5,155,15,13,195,1,0,,,,,
TournamentBowling,Indian Premier League 2025,,,,Prasidh Krishna,15,,59,354,25,19.52,488,1,0,,,,,
TournamentBowling,Indian Premier League 2025,,,,Noor Ahmad,14,,50,300,24,17,408,2,0,,,,,
TournamentBowling,Indian Premier League 2025,,,,Josh Hazlewood,12,,44,264,22,17.55,386,1,0,,,,,
TournamentBowling,Indian Premier League 2025,,,,Trent Boult,16,,57.4,346,22,23.5,517,1,0,,,,,
TournamentBowling,Indian Premier League 2025,,,,Arshdeep Singh,17,,58.2,350,21,24.67,518,0,0,,,,,
TournamentBowling,Indian Premier League 2025,,,,Ravisrinivasan Sai Kishore,15,,42.3,255,19,20.68,393,0,0,,,,,
TournamentBowling,Indian Premier League 2025,,,,Jasprit Bumrah,12,,47.2,284,18,17.56,316,1,0,,,,,
TournamentBowling,Indian Premier League 2025,,,,Vaibhav Arora,12,,42.3,255,17,25.29,430,0,0,,,,,
TournamentBowling,Indian Premier League 2025,,,,Varun Chakravarthy,13,,50,300,17,22.53,383,0,0,,,,,
TournamentBowling,Indian Premier League 2025,,,,Krunal Pandya,15,,46,276,17,22.29,379,1,0,,,,,
TournamentBowling,Indian Premier League 2025,,,,Bhuvneshwar Kumar,14,,52,312,17,28.41,483,0,0,,,,,
TournamentBowling,Indian Premier League 2025,,,,Pat Cummins,14,,49.4,298,16,28.13,450,0,0,,,,,
TournamentBowling,Indian Premier League 2025,,,,Marco Jansen,14,,47.1,283,16,27.13,434,0,0,,,,,
TournamentBowling,Indian Premier League 2025,,,,Mohammed Siraj,15,,57,342,16,32.94,527,1,0,,,,,
TournamentBowling,Big Bash League 2025-26,,,,Gurinder Sandhu,6,,22,132,14,14.71,206,2,0,,,,,
TournamentBowling,Big Bash League 2025-26,,,,Peter Siddle,6,,24,144,12,14.58,175,0,0,,,,,
TournamentBowling,Big Bash League 2025-26,,,,Haris Rauf,6,,23.4,142,12,17.58,211,0,0,,,,,
TournamentBowling,Big Bash League 2025-26,,,,Daniel Sams,7,,24.5,149,11,22.91,252,1,0,,,,,
TournamentBowling,Big Bash League 2025-26,,,,Jack Edwards,6,,22,132,11,14.73,162,0,1,,,,,
TournamentBowling,Big Bash League 2025-26,,,,Joel Paris,7,,22.3,135,11,16.73,184,0,0,,,,,
TournamentBowling,Big Bash League 2025-26,,,,Tom Curran,6,,22,132,10,18,180,0,0,,,,,
TournamentBowling,Big Bash League 2025-26,,,,Lloyd Pope,6,,22,132,10,18,180,1,0,,,,,
TournamentBowling,Big Bash League 2025-26,,,,Nathan Ellis,7,,27,162,10,26.1,261,0,0,,,,,
TournamentBowling,Big Bash League 2025-26,,,,Jack Wildermuth,7,,24,144,9,26.78,241,0,0,,,,,
TournamentBowling,Big Bash League 2025-26,,,,Jamie Overton,6,,19,114,9,15.33,138,0,0,,,,,
TournamentBowling,Big Bash League 2025-26,,,,Xavier Bartlett,7,,28,168,9,28.78,259,0,0,,,,,
TournamentBowling,Big Bash League 2025-26,,,,Joel Davies,6,,16,96,8,11,88,0,0,,,,,
TournamentBowling,Big Bash League 2025-26,,,,Cooper Connolly,7,,20,120,8,16.88,135,0,0,,,,,
TournamentBowling,Big Bash League 2025-26,,,,Rishad Hossain,7,,26,156,8,25.38,203,0,0,,,,,
ICC_Bowling,,,,Varun Chakravarthy,,,,,,,,,,804,818 v South Africa at Dharamsala 2025,,,,
ICC_Bowling,,,,Jacob Duffy,,,,,,,,,,699,750 v South Africa at Harare 2025,,,,
ICC_Bowling,,,,Rashid Khan,,,,,,,,,,694,828 v Bangladesh at Dehradun 2018,,,,
ICC_Bowling,,,,Abrar Ahmed,,,,,,,,,,691,703 v Sri Lanka at Abu Dhabi 2025,,,,
ICC_Bowling,,,,Wanindu Hasaranga,,,,,,,,,,687,809 v West Indies at Abu Dhabi 2021,,,,
ICC_Bowling,,,,Adil Rashid,,,,,,,,,,686,747 v West Indies at Barbados 2022,,,,
ICC_Bowling,,,,Akeal Hosein,,,,,,,,,,675,726 v Bangladesh at Chittagong 2025,,,,
ICC_Bowling,,,,Mustafizur Rahman,,,,,,,,,,665,718 v Sri Lanka at Colombo (RPS) 2017,,,,
ICC_Bowling,,,,Nathan Ellis,,,,,,,,,,660,678 v India at Queensland 2024,,,,
ICC_Bowling,,,,Adam Zampa,,,,,,,,,,655,746 v Sri Lanka at Sydney 2022,,,,
